{
	"description": "项目配置文件。",
	"setting": {
		"urlCheck": true,
		"es6": true,
		"postcss": true,
		"minified": true,
		"newFeature": true,
		"nodeModules": true,
		"autoAudits": false,
		"checkInvalidKey": true
	},
	"miniprogramRoot": "dist/wx/",
	"compileType": "miniprogram",
	"appid": "wx9122a6cd0208fd3f",
	"projectname": "myjd-mpvue",
	"simulatorType": "wechat",
	"simulatorPluginLibVersion": {},
	"libVersion": "2.6.6",
	"condition": {
		"search": {
			"current": -1,
			"list": []
		},
		"conversation": {
			"current": -1,
			"list": []
		},
		"game": {
			"currentL": -1,
			"list": []
		},
		"miniprogram": {
			"current": -1,
			"list": []
		}
	}
}